Name,Link
USRC Harriet Lane,http://www.history.navy.mil/research/histories/ship-histories/danfs/h/harriet-lane-side-wheel-steamer.html
USRC Naugatuck,http://www.history.navy.mil/research/histories/ship-histories/danfs/n/naugatuck-i.html
USS Adela,http://www.history.navy.mil/research/histories/ship-histories/danfs/a/adela.html
USS Advance,http://www.history.navy.mil/research/histories/ship-histories/danfs/a/advance-side-wheel-steamer-ii.html
USS Alabama,http://www.history.navy.mil/research/histories/ship-histories/danfs/a/alabama-i.html
USS Albatross,http://www.history.navy.mil/research/histories/ship-histories/danfs/a/albatross-i.html
USS Alert,http://www.history.navy.mil/research/histories/ship-histories/danfs/a/alert-ii.html
USS Anacostia,http://www.history.navy.mil/research/histories/ship-histories/danfs/a/anacostia-i.html
USS Aries,http://www.history.navy.mil/research/histories/ship-histories/danfs/a/aries-screw-steamer-i.html
USS Arizona,http://www.history.navy.mil/research/histories/ship-histories/danfs/a/arizona-screw-steamer-i.html
USS Aroostook,http://www.history.navy.mil/research/histories/ship-histories/danfs/a/aroostook-screw-gunboat-i.html
USS Banshee,http://www.history.navy.mil/research/histories/ship-histories/danfs/b/banshee-i.html
USS Baron DeKalb,http://www.history.navy.mil/research/histories/ship-histories/danfs/d/dekalb.html
USS Bat,http://www.history.navy.mil/research/histories/ship-histories/danfs/b/bat-i.html
USS Berberry,http://www.history.navy.mil/research/histories/ship-histories/danfs/b/berberry-i.html
USS Bignonia,http://www.history.navy.mil/research/histories/ship-histories/danfs/b/bignonia-i.html
USS Black Hawk,http://www.history.navy.mil/research/histories/ship-histories/danfs/b/black-hawk-i.html
USS Britannia,http://www.history.navy.mil/research/histories/ship-histories/danfs/b/britannia-i.html
USS Brooklyn,http://www.history.navy.mil/research/histories/ship-histories/danfs/b/brooklyn-i.html
USS Cairo,http://www.history.navy.mil/research/histories/ship-histories/danfs/c/cairo.html
USS Cambridge,http://www.history.navy.mil/research/histories/ship-histories/danfs/c/cambridge-i.html
USS Canandaigua,http://www.history.navy.mil/research/histories/ship-histories/danfs/c/canandaigua-i.html
USS Canonicus,http://www.history.navy.mil/research/histories/ship-histories/danfs/c/canonicus-i.html
USS Carondelet,http://www.history.navy.mil/research/histories/ship-histories/danfs/c/carondelet-i.html
USS Catskill,http://www.history.navy.mil/research/histories/ship-histories/danfs/c/catskill-i.html
USS Cayuga,http://www.history.navy.mil/research/histories/ship-histories/danfs/c/cayuga-i.html
USS Ceres ,http://www.history.navy.mil/research/histories/ship-histories/danfs/c/ceres.html
USS Ceres,http://www.history.navy.mil/research/histories/ship-histories/danfs/c/ceres.html
USS Cherokee,http://www.history.navy.mil/research/histories/ship-histories/danfs/c/cherokee-i.html
USS Chickasaw,http://www.history.navy.mil/research/histories/ship-histories/danfs/c/chickasaw-i.html
USS Chippewa,http://www.history.navy.mil/research/histories/ship-histories/danfs/c/chippewa-iii.html
USS Choctaw,http://www.history.navy.mil/research/histories/ship-histories/danfs/c/choctaw-i.html
USS Cimarron,http://www.history.navy.mil/research/histories/ship-histories/danfs/c/cimarron-i.html
USS Cincinnati,http://www.history.navy.mil/research/histories/ship-histories/danfs/c/cincinnati-i.html
USS Clifton,http://www.history.navy.mil/research/histories/ship-histories/danfs/c/clifton-i.html
USS Coeur de Lion,http://www.history.navy.mil/research/histories/ship-histories/danfs/c/coeur-de-lion.html
USS Colorado,http://www.history.navy.mil/research/histories/ship-histories/danfs/c/colorado-i.html
USS Commodore,http://www.history.navy.mil/research/histories/ship-histories/danfs/c/commodore-i.html
USS Commodore Barney,http://www.history.navy.mil/research/histories/ship-histories/danfs/c/commodore-barney.html
USS Commodore Hull,http://www.history.navy.mil/research/histories/ship-histories/danfs/c/commodore-hull.html
USS Commodore Perry,http://www.history.navy.mil/research/histories/ship-histories/danfs/c/commodore-perry.html
USS Conestoga,http://www.history.navy.mil/research/histories/ship-histories/danfs/c/conestoga-i.html
USS Congress,http://www.history.navy.mil/research/histories/ship-histories/danfs/c/congress-iv.html
USS Corypheus,http://www.history.navy.mil/research/histories/ship-histories/confederate_ships/corypheus.html
USS Crusader,http://www.history.navy.mil/research/histories/ship-histories/danfs/c/crusader-i.html
USS Cumberland,http://www.history.navy.mil/research/histories/ship-histories/danfs/c/cumberland-frigate-i.html
USS Dai Ching,http://www.history.navy.mil/research/histories/ship-histories/danfs/d/dai-ching.html
USS Daylight,http://www.history.navy.mil/research/histories/ship-histories/danfs/d/daylight.html
USS Delaware,http://www.history.navy.mil/research/histories/ship-histories/danfs/d/delaware-iv.html
USS Dragon,http://www.history.navy.mil/research/histories/ship-histories/danfs/d/dragon.html
USS E. B. Hale,http://www.history.navy.mil/research/histories/ship-histories/danfs/e/e-b-hale-screw-steamer.html
USS Emma,http://www.history.navy.mil/research/histories/ship-histories/danfs/e/emma-i.html
USS Eolus,http://www.history.navy.mil/research/histories/ship-histories/danfs/e/eolus.html
USS Essex,http://www.history.navy.mil/research/histories/ship-histories/danfs/e/essex-ii.html
USS Fort Donelson,http://www.history.navy.mil/research/histories/ship-histories/danfs/f/fort-donelson.html
USS Fort Jackson,http://www.history.navy.mil/research/histories/ship-histories/danfs/f/fort-jackson.html
USS Galena,http://www.history.navy.mil/research/histories/ship-histories/danfs/g/galena-i.html
USS Gemsbok,http://www.history.navy.mil/research/histories/ship-histories/danfs/g/gemsbok-i.html
USS General Putnam,http://www.history.navy.mil/research/histories/ship-histories/danfs/g/general-putnam.html
USS Genesee,http://www.history.navy.mil/research/histories/ship-histories/danfs/g/genesee-i.html
USS Gettysburg,http://www.history.navy.mil/research/histories/ship-histories/danfs/g/gettysburg-i.html
USS Glide,http://www.history.navy.mil/research/histories/ship-histories/danfs/g/glide-i.html
USS Governor Buckingham,http://www.history.navy.mil/research/histories/ship-histories/danfs/g/governor-buckingham.html
USS Granite,http://www.history.navy.mil/research/histories/ship-histories/danfs/g/granite.html
USS Granite City,http://www.history.navy.mil/research/histories/ship-histories/danfs/g/granite-city-side-wheel-steamer.html
USS Hartford,http://www.history.navy.mil/research/histories/ship-histories/danfs/h/hartford.html
USS Henry Brinker,http://www.history.navy.mil/research/histories/ship-histories/danfs/h/henry-brinker.html
USS Henry Janes,http://www.history.navy.mil/research/histories/ship-histories/danfs/h/henry-janes.html
USS Hetzel,http://www.history.navy.mil/research/histories/ship-histories/danfs/h/hetzel.html
USS Howquah,http://www.history.navy.mil/research/histories/ship-histories/danfs/h/howquah.html
USS Hunchback,http://www.history.navy.mil/research/histories/ship-histories/danfs/h/hunchback.html
USS Huron,http://www.history.navy.mil/research/histories/ship-histories/danfs/h/huron-i.html
USS Huron,http://www.history.navy.mil/research/histories/ship-histories/danfs/h/huron-i.html
USS Iosco,http://www.history.navy.mil/research/histories/ship-histories/danfs/i/iosco.html
USS Iroquois,http://www.history.navy.mil/research/histories/ship-histories/danfs/i/iroquois-i.html
USS Isaac N. Seymour,http://www.history.navy.mil/research/histories/ship-histories/danfs/i/isaac-n-seymour.html
USS Itasca,http://www.history.navy.mil/research/histories/ship-histories/danfs/i/itasca-i.html
USS John L. Lockwood,http://www.history.navy.mil/research/histories/ship-histories/danfs/j/john-l-lockwood.html
USS John P. Jackson,http://www.history.navy.mil/research/histories/ship-histories/danfs/j/john-p-jackson.html
USS Juniata,http://www.history.navy.mil/research/histories/ship-histories/danfs/j/juniata-i.html
USS Kansas,http://www.history.navy.mil/research/histories/ship-histories/danfs/k/kansas-i.html
USS Katahdin,http://www.history.navy.mil/research/histories/ship-histories/danfs/k/katahdin-i.html
USS Kennebec,http://www.history.navy.mil/research/histories/ship-histories/danfs/k/kennebec-i.html
USS Kensington,http://www.history.navy.mil/research/histories/ship-histories/danfs/k/kensington-i.html
USS Keystone State,http://www.history.navy.mil/research/histories/ship-histories/danfs/k/keystone-state.html
USS Kineo,http://www.history.navy.mil/research/histories/ship-histories/danfs/k/kineo-i.html
USS Kineo,http://www.history.navy.mil/research/histories/ship-histories/danfs/k/kineo-i.html
USS Lackawanna,http://www.history.navy.mil/research/histories/ship-histories/danfs/l/lackawanna-i.html
USS Lenapee,http://www.history.navy.mil/research/histories/ship-histories/danfs/l/lenapee.html
USS Lexington,http://www.history.navy.mil/research/histories/ship-histories/danfs/l/lexington-sidewheel-steamer-iii.html
USS Lilian,http://www.history.navy.mil/research/histories/ship-histories/danfs/l/lilian.html
USS Little Ada,http://www.history.navy.mil/research/histories/ship-histories/danfs/l/little-ada.html
USS Lodona,http://www.history.navy.mil/research/histories/ship-histories/danfs/l/lodona.html
USS Louisiana,http://www.history.navy.mil/research/histories/ship-histories/danfs/l/louisiana-ii.html
USS Louisville,http://www.history.navy.mil/research/histories/ship-histories/danfs/l/louisville-i.html
USS Louisville,http://www.history.navy.mil/research/histories/ship-histories/danfs/l/louisville-i.html
USS Mackinaw,http://www.history.navy.mil/research/histories/ship-histories/danfs/m/mackinaw.html
USS Mahaska,http://www.history.navy.mil/research/histories/ship-histories/danfs/m/mahaska-i.html
USS Mahopac,http://www.history.navy.mil/research/histories/ship-histories/danfs/m/mahopac-i.html
USS Malvern,http://www.history.navy.mil/research/histories/ship-histories/danfs/m/malvern-i.html
USS Manhattan,http://www.history.navy.mil/research/histories/ship-histories/danfs/m/manhattan-i.html
USS Maratanza,http://www.history.navy.mil/research/histories/ship-histories/danfs/m/maratanza-i.html
USS Maratanza,http://www.history.navy.mil/research/histories/ship-histories/danfs/m/maratanza-i.html
USS Massasoit,http://www.history.navy.mil/research/histories/ship-histories/danfs/m/massasoit-i.html
USS Mattabesett,http://www.history.navy.mil/research/histories/ship-histories/danfs/m/mattabesett.html
USS Maumee,http://www.history.navy.mil/research/histories/ship-histories/danfs/m/maumee-i.html
USS Metacomet,http://www.history.navy.mil/research/histories/ship-histories/danfs/m/metacomet.html
USS Miami,http://www.history.navy.mil/research/histories/ship-histories/danfs/m/miami-i.html
USS Minnesota,http://www.history.navy.mil/research/histories/ship-histories/danfs/m/minnesota-i.html
USS Mississippi,http://www.history.navy.mil/research/histories/ship-histories/danfs/m/mississippi-i.html
USS Moccasin,http://www.history.navy.mil/research/histories/ship-histories/danfs/m/moccasin-i.html
USS Mohican,http://www.history.navy.mil/research/histories/ship-histories/danfs/m/mohican-i.html
USS Monadnock,http://www.history.navy.mil/research/histories/ship-histories/danfs/m/monadnock-i.html
USS Monarch,http://www.history.navy.mil/research/histories/ship-histories/danfs/m/monarch.html
USS Monitor,http://www.history.navy.mil/research/histories/ship-histories/danfs/m/monitor-i.html
USS Monongahela,http://www.history.navy.mil/research/histories/ship-histories/danfs/m/monongahela-i.html
USS Montauk,http://www.history.navy.mil/research/histories/ship-histories/danfs/m/montauk-i.html
USS Montgomery,http://www.history.navy.mil/research/histories/ship-histories/danfs/m/montgomery-iii.html
USS Monticello,http://www.history.navy.mil/research/histories/ship-histories/danfs/m/monticello-i.html
USS Morse,http://www.history.navy.mil/research/histories/ship-histories/danfs/m/morse.html
USS Morse,http://www.history.navy.mil/research/histories/ship-histories/danfs/m/morse.html
USS Mound City,http://www.history.navy.mil/research/histories/ship-histories/danfs/m/mound-city.html
USS Mound City,http://www.history.navy.mil/research/histories/ship-histories/danfs/m/mound-city.html
USS Mount Washington,http://www.history.navy.mil/research/histories/ship-histories/danfs/m/mount-washington.html
USS Nahant,http://www.history.navy.mil/research/histories/ship-histories/danfs/n/nahant-i.html
USS Nansemond,http://www.history.navy.mil/research/histories/ship-histories/danfs/n/nansemond-i.html
USS Nantucket,http://www.history.navy.mil/research/histories/ship-histories/danfs/n/nantucket-i.html
USS New Era,http://www.history.navy.mil/research/histories/ship-histories/danfs/n/new-era.html
USS New Ironsides,http://www.history.navy.mil/research/histories/ship-histories/danfs/n/new-ironsides.html
USS New Ironsides,http://www.history.navy.mil/research/histories/ship-histories/danfs/n/new-ironsides.html
USS Nyack,http://www.history.navy.mil/research/histories/ship-histories/danfs/n/nyack.html
USS Octorara,http://www.history.navy.mil/research/histories/ship-histories/danfs/o/octorara-i.html
USS Oneida,http://www.history.navy.mil/research/histories/ship-histories/danfs/o/oneida-ii.html
USS Osceola,http://www.history.navy.mil/research/histories/ship-histories/danfs/o/osceola-i.html
USS Ossipee,http://www.history.navy.mil/research/histories/ship-histories/danfs/o/ossipee.html
USS Ottawa,http://www.history.navy.mil/research/histories/ship-histories/danfs/o/ottawa-i.html
USS Owasco,http://www.history.navy.mil/research/histories/ship-histories/danfs/o/owasco.html
USS Passaic,http://www.history.navy.mil/research/histories/ship-histories/danfs/p/passaic-i.html
USS Patapsco,http://www.history.navy.mil/research/histories/ship-histories/danfs/p/patapsco-iii.html
USS Patroon,http://www.history.navy.mil/research/histories/ship-histories/danfs/p/patroon.html
USS Paul Jones,http://www.history.navy.mil/research/histories/ship-histories/danfs/p/paul-jones-i.html
USS Paw Paw,http://www.history.navy.mil/research/histories/ship-histories/danfs/p/paw-paw.html
USS Pawnee,http://www.history.navy.mil/research/histories/ship-histories/danfs/p/pawnee-i.html
USS Pawtuxet,http://www.history.navy.mil/research/histories/ship-histories/danfs/p/pawtuxet.html
USS Pensacola,http://www.history.navy.mil/research/histories/ship-histories/danfs/p/pensacola-i.html
USS Peosta,http://www.history.navy.mil/research/histories/ship-histories/danfs/p/peosta.html
USS Pequot,http://www.history.navy.mil/research/histories/ship-histories/danfs/p/pequot-i.html
USS Philadelphia,http://www.history.navy.mil/research/histories/ship-histories/danfs/p/philadelphia-iii.html
USS Pinola,http://www.history.navy.mil/research/histories/ship-histories/danfs/p/pinola-i.html
USS Pittsburgh,http://www.history.navy.mil/research/histories/ship-histories/danfs/p/pittsburgh-i.html
USS Pontoosuc,http://www.history.navy.mil/research/histories/ship-histories/danfs/p/pontoosuc.html
USS Port Royal,http://www.history.navy.mil/research/histories/ship-histories/danfs/p/port-royal.html
USS Portsmouth,http://www.history.navy.mil/research/histories/ship-histories/danfs/p/portsmouth-ii.html
USS Powhatan,http://www.history.navy.mil/research/histories/ship-histories/danfs/p/powhatan-i.html
USS Primrose,http://www.history.navy.mil/research/histories/ship-histories/danfs/p/primrose.html
USS Princess Royal,http://www.history.navy.mil/research/histories/ship-histories/danfs/p/princess-royal.html
USS Quaker City,http://www.history.navy.mil/research/histories/ship-histories/danfs/q/quaker-city.html
USS Queen of the West,http://www.history.navy.mil/research/histories/ship-histories/confederate_ships/queen-of-the-west-side-wheel-ram.html
USS Rachel Seaman,http://www.history.navy.mil/research/histories/ship-histories/danfs/r/rachel-seaman.html
USS Rattler,http://www.history.navy.mil/research/histories/ship-histories/danfs/r/rattler.html
USS Resolute,http://www.history.navy.mil/research/histories/ship-histories/danfs/r/resolute-i.html
USS Rhode Island,http://www.history.navy.mil/research/histories/ship-histories/danfs/r/rhode-island-i.html
USS Richmond,http://www.history.navy.mil/research/histories/ship-histories/danfs/r/richmond-ii.html
USS Roanoke,http://www.history.navy.mil/research/histories/ship-histories/danfs/r/roanoke-ii.html
USS Sachem,http://www.history.navy.mil/research/histories/ship-histories/danfs/s/sachem-ii.html
USS Sagamore,http://www.history.navy.mil/research/histories/ship-histories/danfs/s/sagamore-steam-gunboat-i.html
USS Santiago de Cuba,http://www.history.navy.mil/research/histories/ship-histories/danfs/s/santiagodecuba.html
USS Sassacus,http://www.history.navy.mil/research/histories/ship-histories/danfs/s/sassacus-i.html
USS Saugus,http://www.history.navy.mil/research/histories/ship-histories/danfs/s/saugus-i.html
USS Sciota,http://www.history.navy.mil/research/histories/ship-histories/danfs/s/sciota-i.html
USS Seminole,http://www.history.navy.mil/research/histories/ship-histories/danfs/s/seminole-i.html
USS Seneca,http://www.history.navy.mil/research/histories/ship-histories/danfs/s/seneca-i.html
USS Shawmut,http://www.history.navy.mil/research/histories/ship-histories/danfs/s/shawmut-i.html
USS Shenandoah,http://www.history.navy.mil/research/histories/ship-histories/danfs/s/shenandoah-i.html
USS Southfield,http://www.history.navy.mil/research/histories/ship-histories/danfs/s/southfield.html
USS St. Lawrence,http://www.history.navy.mil/research/histories/ship-histories/danfs/s/st-lawrence.html
USS St. Louis,http://www.history.navy.mil/research/histories/ship-histories/danfs/s/st-louis-ii.html
USS Stars and Stripes,http://www.history.navy.mil/research/histories/ship-histories/danfs/s/stars-and-stripes.html
USS State of Georgia,http://www.history.navy.mil/research/histories/ship-histories/danfs/s/state-of-georgia.html
USS Stepping Stones,http://www.history.navy.mil/research/histories/ship-histories/danfs/s/stepping-stones.html
USS Susquehanna,http://www.history.navy.mil/research/histories/ship-histories/danfs/s/susquehanna-i.html
USS Susquehanna,http://www.history.navy.mil/research/histories/ship-histories/danfs/s/susquehanna-i.html
USS Tacony,http://www.history.navy.mil/research/histories/ship-histories/danfs/t/tacony-i.html
USS Tahoma,http://www.history.navy.mil/research/histories/ship-histories/danfs/t/tahoma-i.html
USS Teaser,http://www.history.navy.mil/research/histories/ship-histories/danfs/t/teaser-i.html
USS Tecumseh,http://www.history.navy.mil/research/histories/ship-histories/danfs/t/tecumseh.html
USS Thomas Freeborn,http://www.history.navy.mil/research/histories/ship-histories/danfs/t/thomas-freeborn.html
USS Ticonderoga,http://www.history.navy.mil/research/histories/ship-histories/danfs/t/ticonderoga-ii.html
USS Tristram Shandy,http://www.history.navy.mil/research/histories/ship-histories/danfs/t/tristram-shandy.html
USS Tuscarora,http://www.history.navy.mil/research/histories/ship-histories/danfs/t/tuscarora-i.html
USS Tyler,http://www.history.navy.mil/research/histories/ship-histories/danfs/t/tyler.html
USS Unadilla,http://www.history.navy.mil/research/histories/ship-histories/danfs/u/unadilla-i.html
USS Uncas,http://www.history.navy.mil/research/histories/ship-histories/danfs/u/uncas-i.html
USS Underwriter,http://www.history.navy.mil/research/histories/ship-histories/danfs/u/underwriter-i.html
USS Valley City,http://www.history.navy.mil/research/histories/ship-histories/danfs/v/valley-city.html
USS Vanderbilt,http://www.history.navy.mil/research/histories/ship-histories/danfs/v/vanderbilt.html
USS Varuna,http://www.history.navy.mil/research/histories/ship-histories/danfs/v/varuna-i.html
USS Vicksburg,http://www.history.navy.mil/research/histories/ship-histories/danfs/v/vicksburg-i.html
USS Wabash,http://www.history.navy.mil/research/histories/ship-histories/danfs/w/wabash-screw-frigate-i.html
USS Water Witch,http://www.history.navy.mil/research/histories/ship-histories/danfs/w/water-witch-iii.html
USS Weehawken,http://www.history.navy.mil/research/histories/ship-histories/danfs/w/weehawken-i.html
USS Westfield,http://www.history.navy.mil/research/histories/ship-histories/danfs/w/westfield.html
USS Whitehall,http://www.history.navy.mil/research/histories/ship-histories/danfs/w/whitehall-i.html
USS Whitehead,http://www.history.navy.mil/research/histories/ship-histories/danfs/w/whitehead.html
USS Whitehead,http://www.history.navy.mil/research/histories/ship-histories/danfs/w/whitehead.html
USS Wilderness,http://www.history.navy.mil/research/histories/ship-histories/danfs/w/wilderness.html
USS Winnebago,http://www.history.navy.mil/research/histories/ship-histories/danfs/w/winnebago-i.html
USS Winona,http://www.history.navy.mil/research/histories/ship-histories/danfs/w/winona.html
USS Wissahickon,http://www.history.navy.mil/research/histories/ship-histories/danfs/w/wissahickon-i.html
USS Wyalusing,http://www.history.navy.mil/research/histories/ship-histories/danfs/w/wyalusing.html
USS Yankee,http://www.history.navy.mil/research/histories/ship-histories/danfs/y/yankee-i.html
USS Yantic,http://www.history.navy.mil/research/histories/ship-histories/danfs/y/yantic.html
USS Yantic (IX-32),http://www.history.navy.mil/research/histories/ship-histories/danfs/y/yantic.html
USS Young America,http://www.history.navy.mil/research/histories/ship-histories/danfs/y/young-america-screw-tug.html
USS Zouave,http://www.history.navy.mil/research/histories/ship-histories/danfs/z/zouave.html
